id	gene_id	log2FoldChange	padj	Description	PFAMs	ips_ipr	ips_ipr_desc	ips_pathway	go_all	text	pfam_is_metal	pfam_is_transporterish	is_metal	is_abc_like	is_mfs_like	mdr_kw_hit	is_mdr	is_nutr	subcat	comparison
gene-IR01_02804	lcl|NW_015622505.1_cds_XP_016226633.1_3094	-3.23464118113267	1.71617711372943e-12	Ctr copper transporter family	Ctr				GO:0000041,GO:0000322,GO:0000323,GO:0000324,GO:0003674,GO:0005215,GO:0005375,GO:0005575,GO:0005622,GO:0005623,GO:0005737,GO:0005773,GO:0005886,GO:0005887,GO:0006810,GO:0006811,GO:0006812,GO:0006825,GO:0008150,GO:0008324,GO:0015075,GO:0015318,GO:0015677,GO:0015679,GO:0016020,GO:0016021,GO:0022857,GO:0022890,GO:0030001,GO:0031224,GO:0031226,GO:0034220,GO:0035434,GO:0043226,GO:0043227,GO:0043229,GO:0043231,GO:0044424,GO:0044425,GO:0044444,GO:0044459,GO:0044464,GO:0046873,GO:0046915,GO:0051179,GO:0051234,GO:0055085,GO:0071944,GO:0098655,GO:0098657,GO:0098659,GO:0098660,GO:0098662,GO:0098705,GO:0098739,GO:0099587	Ctr copper transporter family | Ctr | NA | NA	TRUE	TRUE	TRUE	FALSE	FALSE	FALSE	FALSE	FALSE	Metal	As_vs_Control
gene-IR01_08378	lcl|NW_015622509.1_cds_XP_016220203.1_9271	-2.57364925596959	1.4790608778517e-10	Ctr copper transporter family	Ctr				GO:0000041,GO:0003674,GO:0005215,GO:0005375,GO:0005575,GO:0005622,GO:0005623,GO:0005737,GO:0005783,GO:0005886,GO:0005887,GO:0006810,GO:0006811,GO:0006812,GO:0006825,GO:0008150,GO:0008324,GO:0012505,GO:0015075,GO:0015318,GO:0015677,GO:0015679,GO:0016020,GO:0016021,GO:0022857,GO:0022890,GO:0030001,GO:0031224,GO:0031226,GO:0034220,GO:0035434,GO:0043226,GO:0043227,GO:0043229,GO:0043231,GO:0044424,GO:0044425,GO:0044444,GO:0044459,GO:0044464,GO:0046873,GO:0046915,GO:0051179,GO:0051234,GO:0055085,GO:0071944,GO:0098655,GO:0098657,GO:0098659,GO:0098660,GO:0098662,GO:0098705,GO:0098739,GO:0099587	Ctr copper transporter family | Ctr | NA | NA	TRUE	TRUE	TRUE	FALSE	FALSE	FALSE	FALSE	FALSE	Metal	As_vs_Control
gene-IR01_03632	lcl|NW_015622505.1_cds_XP_016227544.1_4005	-1.91310297817499	0.019602512025049	Belongs to the purine-cytosine permease (2.A.39) family	Transp_cyt_pur				GO:0000322,GO:0000323,GO:0000324,GO:0000329,GO:0003674,GO:0005215,GO:0005337,GO:0005575,GO:0005622,GO:0005623,GO:0005737,GO:0005773,GO:0005774,GO:0005886,GO:0006810,GO:0006863,GO:0008150,GO:0015205,GO:0015212,GO:0015214,GO:0015851,GO:0015855,GO:0015856,GO:0015858,GO:0015861,GO:0015864,GO:0015931,GO:0015932,GO:0016020,GO:0016021,GO:0022857,GO:0031090,GO:0031224,GO:0043226,GO:0043227,GO:0043229,GO:0043231,GO:0044422,GO:0044424,GO:0044425,GO:0044437,GO:0044444,GO:0044446,GO:0044464,GO:0051179,GO:0051234,GO:0055085,GO:0071702,GO:0071705,GO:0071944,GO:0072530,GO:0072531,GO:0098588,GO:0098805,GO:0098852,GO:1901264,GO:1901505,GO:1901642	Belongs to the purine-cytosine permease (2.A.39) family | Transp_cyt_pur | NA | NA	TRUE	TRUE	TRUE	FALSE	FALSE	FALSE	FALSE	FALSE	Metal	As_vs_Control
gene-IR01_00927	lcl|NW_015622504.1_cds_XP_016228694.1_1024	-1.79951499671367	0.0101086800264297	NCS1 family nucleobase cation symporter-1	Transp_cyt_pur				GO:0000139,GO:0000322,GO:0000323,GO:0000324,GO:0003674,GO:0005215,GO:0005350,GO:0005575,GO:0005622,GO:0005623,GO:0005737,GO:0005773,GO:0005783,GO:0005794,GO:0005886,GO:0006810,GO:0006811,GO:0006812,GO:0006855,GO:0008150,GO:0008324,GO:0012505,GO:0015075,GO:0015205,GO:0015210,GO:0015238,GO:0015291,GO:0015293,GO:0015294,GO:0015318,GO:0015391,GO:0015505,GO:0015851,GO:0015855,GO:0015857,GO:0015893,GO:0016020,GO:0022804,GO:0022857,GO:0022890,GO:0031090,GO:0031984,GO:0034220,GO:0042221,GO:0042493,GO:0043226,GO:0043227,GO:0043229,GO:0043231,GO:0044422,GO:0044424,GO:0044425,GO:0044431,GO:0044444,GO:0044446,GO:0044459,GO:0044464,GO:0044853,GO:0045121,GO:0050896,GO:0051179,GO:0051234,GO:0055085,GO:0071702,GO:0071705,GO:0071944,GO:0072531,GO:0098588,GO:0098589,GO:0098590,GO:0098655,GO:0098657,GO:0098721,GO:0098739,GO:0098791,GO:0098805,GO:0098857,GO:1903791,GO:1904082	NCS1 family nucleobase cation symporter-1 | Transp_cyt_pur | NA | NA	TRUE	TRUE	TRUE	FALSE	FALSE	FALSE	FALSE	FALSE	Metal	As_vs_Control
gene-IR01_05300	lcl|NW_015622506.1_cds_XP_016225621.1_5812	-1.52079286788636	0.0435843998994854	Permease for cytosine/purines, uracil, thiamine, allantoin	Transp_cyt_pur					Permease for cytosine/purines, uracil, thiamine, allantoin | Transp_cyt_pur | NA | NA	TRUE	TRUE	TRUE	FALSE	FALSE	FALSE	FALSE	FALSE	Metal	As_vs_Control
gene-IR01_07407	lcl|NW_015622508.1_cds_XP_016221555.1_8202	-1.12718958538568	0.000136692242296329	High-affinity iron transporter	FTR1				GO:0000041,GO:0003674,GO:0005215,GO:0005381,GO:0005575,GO:0005623,GO:0005886,GO:0005887,GO:0006810,GO:0006811,GO:0006812,GO:0006820,GO:0006826,GO:0006873,GO:0006875,GO:0006879,GO:0006950,GO:0007154,GO:0008150,GO:0008324,GO:0009267,GO:0009605,GO:0009987,GO:0009991,GO:0010106,GO:0015075,GO:0015093,GO:0015318,GO:0015684,GO:0016020,GO:0016021,GO:0019725,GO:0022857,GO:0022890,GO:0030001,GO:0030003,GO:0031224,GO:0031226,GO:0031667,GO:0031668,GO:0031669,GO:0032991,GO:0033212,GO:0033215,GO:0033554,GO:0033573,GO:0034220,GO:0034755,GO:0042592,GO:0042594,GO:0044425,GO:0044459,GO:0044464,GO:0046873,GO:0046915,GO:0046916,GO:0048878,GO:0050801,GO:0050896,GO:0051179,GO:0051234,GO:0051716,GO:0055065,GO:0055072,GO:0055076,GO:0055080,GO:0055082,GO:0055085,GO:0061840,GO:0065007,GO:0065008,GO:0070627,GO:0070838,GO:0071496,GO:0071944,GO:0072509,GO:0072511,GO:0097286,GO:0098655,GO:0098656,GO:0098657,GO:0098659,GO:0098660,GO:0098662,GO:0098707,GO:0098711,GO:0098739,GO:0098771,GO:0098796,GO:0098797,GO:0099587,GO:1901684,GO:1902494,GO:1902495,GO:1903874,GO:1905862,GO:1990204,GO:1990351	High-affinity iron transporter | FTR1 | NA | NA	TRUE	FALSE	TRUE	FALSE	FALSE	FALSE	FALSE	FALSE	Metal	As_vs_Control
gene-IR01_08121	lcl|NW_015622509.1_cds_XP_016219915.1_8983	-0.762705021619838	0.0246304824247596	This magnesium-dependent enzyme catalyzes the hydrolysis of ATP coupled with the transport of calcium	Cation_ATPase,Cation_ATPase_C,Cation_ATPase_N,E1-E2_ATPase,Hydrolase,Hydrolase_3				GO:0000166,GO:0000322,GO:0000323,GO:0000324,GO:0000329,GO:0003674,GO:0003824,GO:0005215,GO:0005388,GO:0005488,GO:0005509,GO:0005524,GO:0005575,GO:0005622,GO:0005623,GO:0005737,GO:0005773,GO:0005774,GO:0005886,GO:0005887,GO:0006810,GO:0006811,GO:0006812,GO:0006816,GO:0006873,GO:0006874,GO:0006875,GO:0008144,GO:0008150,GO:0008324,GO:0009987,GO:0015075,GO:0015085,GO:0015318,GO:0015399,GO:0015405,GO:0015662,GO:0016020,GO:0016021,GO:0016462,GO:0016787,GO:0016817,GO:0016818,GO:0016887,GO:0017076,GO:0017111,GO:0019725,GO:0019829,GO:0022804,GO:0022853,GO:0022857,GO:0022890,GO:0030001,GO:0030003,GO:0030554,GO:0031090,GO:0031166,GO:0031224,GO:0031226,GO:0031300,GO:0031301,GO:0031310,GO:0032553,GO:0032555,GO:0032559,GO:0034220,GO:0035639,GO:0036094,GO:0042592,GO:0042623,GO:0042625,GO:0042626,GO:0043167,GO:0043168,GO:0043169,GO:0043226,GO:0043227,GO:0043229,GO:0043231,GO:0043492,GO:0044422,GO:0044424,GO:0044425,GO:0044437,GO:0044444,GO:0044446,GO:0044459,GO:0044464,GO:0046872,GO:0046873,GO:0048878,GO:0050801,GO:0051179,GO:0051234,GO:0055065,GO:0055074,GO:0055080,GO:0055082,GO:0055085,GO:0065007,GO:0065008,GO:0070588,GO:0070838,GO:0071627,GO:0071628,GO:0071944,GO:0072503,GO:0072507,GO:0072511,GO:0090662,GO:0097159,GO:0097367,GO:0098588,GO:0098655,GO:0098660,GO:0098662,GO:0098771,GO:0098805,GO:0098852,GO:0099131,GO:0099132,GO:1901265,GO:1901363	This magnesium-dependent enzyme catalyzes the hydrolysis of ATP coupled with the transport of calcium | Cation_ATPase,Cation_ATPase_C,Cation_ATPase_N,E1-E2_ATPase,Hydrolase,Hydrolase_3 | NA | NA	TRUE	FALSE	TRUE	FALSE	FALSE	FALSE	FALSE	FALSE	Metal	As_vs_Control
gene-IR01_04410	lcl|NW_015622506.1_cds_XP_016224662.1_4853	1.00291500805647	0.00126198710845016	Siderochrome-iron transporter (Sit1)	MFS_1,Sugar_tr,TRI12				GO:0000322,GO:0000323,GO:0000324,GO:0003674,GO:0005215,GO:0005575,GO:0005622,GO:0005623,GO:0005634,GO:0005737,GO:0005768,GO:0005773,GO:0005774,GO:0005886,GO:0005887,GO:0006810,GO:0006811,GO:0006812,GO:0006820,GO:0006857,GO:0006873,GO:0006875,GO:0006879,GO:0008150,GO:0008152,GO:0008324,GO:0009237,GO:0009987,GO:0012505,GO:0015075,GO:0015077,GO:0015078,GO:0015291,GO:0015297,GO:0015298,GO:0015299,GO:0015318,GO:0015343,GO:0015344,GO:0015672,GO:0015688,GO:0015711,GO:0015833,GO:0015891,GO:0016020,GO:0016021,GO:0019725,GO:0019748,GO:0022804,GO:0022857,GO:0022890,GO:0030003,GO:0031090,GO:0031224,GO:0031226,GO:0031410,GO:0031982,GO:0033212,GO:0033214,GO:0034220,GO:0034635,GO:0034775,GO:0035443,GO:0035672,GO:0042592,GO:0042886,GO:0042939,GO:0043226,GO:0043227,GO:0043229,GO:0043231,GO:0044237,GO:0044422,GO:0044424,GO:0044425,GO:0044437,GO:0044444,GO:0044446,GO:0044459,GO:0044464,GO:0044718,GO:0046916,GO:0048878,GO:0050801,GO:0051179,GO:0051181,GO:0051184,GO:0051186,GO:0051234,GO:0055065,GO:0055072,GO:0055076,GO:0055080,GO:0055082,GO:0055085,GO:0065007,GO:0065008,GO:0071702,GO:0071705,GO:0071944,GO:0072337,GO:0072348,GO:0097708,GO:0098588,GO:0098655,GO:0098656,GO:0098660,GO:0098662,GO:0098771,GO:0098805,GO:1901678,GO:1902600	Siderochrome-iron transporter (Sit1) | MFS_1,Sugar_tr,TRI12 | NA | NA	FALSE	TRUE	TRUE	FALSE	TRUE	TRUE	TRUE	FALSE	Metal	As_vs_Control
gene-IR01_00862	lcl|NW_015622504.1_cds_XP_016228626.1_956	1.00668370482655	0.00961368862221291	Ion transport protein	Ion_trans				GO:0001508,GO:0003674,GO:0005215,GO:0005216,GO:0005244,GO:0005245,GO:0005261,GO:0005262,GO:0005575,GO:0005623,GO:0005886,GO:0005887,GO:0006810,GO:0006811,GO:0006812,GO:0006816,GO:0006873,GO:0006874,GO:0006875,GO:0007154,GO:0007165,GO:0007204,GO:0008150,GO:0008324,GO:0009987,GO:0015075,GO:0015085,GO:0015267,GO:0015318,GO:0016020,GO:0016021,GO:0019722,GO:0019725,GO:0019932,GO:0022803,GO:0022832,GO:0022836,GO:0022838,GO:0022839,GO:0022843,GO:0022857,GO:0022890,GO:0023052,GO:0030001,GO:0030003,GO:0031224,GO:0031226,GO:0034220,GO:0035556,GO:0035585,GO:0042391,GO:0042592,GO:0044425,GO:0044459,GO:0044464,GO:0046873,GO:0048878,GO:0050789,GO:0050794,GO:0050801,GO:0050896,GO:0051179,GO:0051234,GO:0051480,GO:0051641,GO:0051649,GO:0051716,GO:0051899,GO:0055065,GO:0055074,GO:0055080,GO:0055082,GO:0055085,GO:0060401,GO:0060402,GO:0065007,GO:0065008,GO:0070509,GO:0070588,GO:0070838,GO:0071944,GO:0072503,GO:0072507,GO:0072511,GO:0086010,GO:0097553,GO:0098655,GO:0098657,GO:0098659,GO:0098660,GO:0098662,GO:0098703,GO:0098739,GO:0098771,GO:0099587,GO:1902656	Ion transport protein | Ion_trans | NA | NA	TRUE	TRUE	TRUE	FALSE	FALSE	FALSE	FALSE	FALSE	Metal	As_vs_Control
gene-IR01_04609	lcl|NW_015622506.1_cds_XP_016224875.1_5066	1.22579716515729	6.83906299944804e-08	Belongs to the cation transport ATPase (P-type) (TC 3.A.3) family. Type IV subfamily	Cation_ATPase,E1-E2_ATPase,Hydrolase,PhoLip_ATPase_C,PhoLip_ATPase_N				GO:0000749,GO:0003674,GO:0003824,GO:0004012,GO:0005215,GO:0005319,GO:0005548,GO:0005575,GO:0005622,GO:0005623,GO:0005737,GO:0005783,GO:0005794,GO:0005798,GO:0005802,GO:0005886,GO:0005937,GO:0006810,GO:0006811,GO:0006820,GO:0006869,GO:0006886,GO:0006892,GO:0006900,GO:0006996,GO:0008104,GO:0008150,GO:0009987,GO:0010033,GO:0010876,GO:0012505,GO:0015031,GO:0015711,GO:0015748,GO:0015833,GO:0015914,GO:0016020,GO:0016021,GO:0016043,GO:0016050,GO:0016192,GO:0016197,GO:0016462,GO:0016787,GO:0016817,GO:0016818,GO:0016887,GO:0017111,GO:0019236,GO:0030133,GO:0030135,GO:0030136,GO:0030140,GO:0030427,GO:0031136,GO:0031137,GO:0031139,GO:0031224,GO:0031410,GO:0031982,GO:0031984,GO:0032456,GO:0033036,GO:0034204,GO:0034613,GO:0042221,GO:0042623,GO:0042886,GO:0042995,GO:0043226,GO:0043227,GO:0043229,GO:0043231,GO:0043332,GO:0043492,GO:0043900,GO:0043902,GO:0044422,GO:0044424,GO:0044425,GO:0044431,GO:0044444,GO:0044446,GO:0044459,GO:0044463,GO:0044464,GO:0045184,GO:0045332,GO:0046907,GO:0046999,GO:0048193,GO:0048194,GO:0048518,GO:0048522,GO:0050789,GO:0050794,GO:0050896,GO:0051179,GO:0051234,GO:0051286,GO:0051641,GO:0051649,GO:0051716,GO:0061024,GO:0065007,GO:0065008,GO:0070727,GO:0070867,GO:0070887,GO:0071310,GO:0071444,GO:0071702,GO:0071705,GO:0071840,GO:0071944,GO:0097035,GO:0097708,GO:0098791,GO:0120025,GO:0120038,GO:2000241,GO:2000243	Belongs to the cation transport ATPase (P-type) (TC 3.A.3) family. Type IV subfamily | Cation_ATPase,E1-E2_ATPase,Hydrolase,PhoLip_ATPase_C,PhoLip_ATPase_N | NA | NA	TRUE	FALSE	TRUE	FALSE	FALSE	FALSE	FALSE	FALSE	Metal	As_vs_Control
